-- Наповнення таблиці airline
INSERT INTO airline (airline_id, name, code) VALUES
(1, 'Delta Air Lines', 'DL'),
(2, 'American Airlines', 'AA'),
(3, 'United Airlines', 'UA'),
(4, 'Southwest Airlines', 'WN'),
(5, 'Air France', 'AF'),
(6, 'British Airways', 'BA'),
(7, 'Qantas Airways', 'QF'),
(8, 'Singapore Airlines', 'SQ'),
(9, 'Cathay Pacific Airways', 'CX'),
(10, 'Japan Airlines', 'JL'),
(11, 'KLM Royal Dutch Airlines', 'KL'),
(12, 'Qatar Airways', 'QR'),
(13, 'Turkish Airlines', 'TK'),
(14, 'Lufthansa', 'LH'),
(15, 'Emirates', 'EK'),
(16, 'Etihad Airways', 'EY'),
(17, 'Virgin Atlantic Airways', 'VS'),
(18, 'Alitalia', 'AZ'),
(19, 'Swiss International Air Lines', 'LX'),
(20, 'Aeroflot Russian Airlines', 'SU'),
(21, 'Air Canada', 'AC'),
(22, 'Scandinavian Airlines System', 'SK'),
(23, 'Finnair', 'AY'),
(24, 'Brussels Airlines', 'SN'),
(25, 'Iberia', 'IB'),
(26, 'Austrian Airlines', 'OS'),
(27, 'LAN Airlines', 'LA'),
(28, 'Copa Airlines', 'CM'),
(29, 'Avianca', 'AV'),
(30, 'EgyptAir', 'MS');

-- Наповнення таблиці aircraft
INSERT INTO aircraft (aircraft_id, model, manufacturer, capacity, airline_id) VALUES
(1, 'Boeing 737', 'Boeing', 150, 1),
(2, 'Airbus A320', 'Airbus', 180, 1),
(3, 'Boeing 777', 'Boeing', 350, 2),
(4, 'Airbus A380', 'Airbus', 500, 3),
(5, 'Embraer E190', 'Embraer', 100, 4),
(6, 'Bombardier CRJ900', 'Bombardier', 90, 5),
(7, 'Boeing 747', 'Boeing', 400, 6),
(8, 'Airbus A330', 'Airbus', 300, 7),
(9, 'Boeing 787', 'Boeing', 250, 8),
(10, 'Airbus A350', 'Airbus', 320, 9),
(11, 'Bombardier Q400', 'Bombardier', 80, 10),
(12, 'Embraer E175', 'Embraer', 90, 11),
(13, 'Airbus A321', 'Airbus', 200, 12),
(14, 'Boeing 767', 'Boeing', 280, 13),
(15, 'Embraer E195', 'Embraer', 110, 14),
(16, 'Bombardier CRJ700', 'Bombardier', 70, 15),
(17, 'Boeing 757', 'Boeing', 220, 16),
(18, 'Airbus A319', 'Airbus', 150, 17),
(19, 'Boeing 737 MAX', 'Boeing', 160, 18),
(20, 'Airbus A320neo', 'Airbus', 170, 19),
(21, 'Boeing 777X', 'Boeing', 400, 20),
(22, 'Airbus A330neo', 'Airbus', 290, 21),
(23, 'Embraer E175-E2', 'Embraer', 100, 22),
(24, 'Bombardier CRJ1000', 'Bombardier', 110, 23),
(25, 'Airbus A321neo', 'Airbus', 220, 24),
(26, 'Boeing 737 NG', 'Boeing', 150, 25),
(27, 'Airbus A330-200', 'Airbus', 290, 26),
(28, 'Boeing 777-300ER', 'Boeing', 380, 27),
(29, 'Embraer E190-E2', 'Embraer', 120, 28),
(30, 'Bombardier CRJ550', 'Bombardier', 65, 29),
(31, 'Airbus A319neo', 'Airbus', 140, 30),
(32, 'Boeing 747-8', 'Boeing', 410, 1),
(33, 'Airbus A380plus', 'Airbus', 575, 2),
(34, 'Embraer E195-E2', 'Embraer', 130, 3),
(35, 'Bombardier CS100', 'Bombardier', 120, 4),
(36, 'Airbus A321LR', 'Airbus', 240, 5),
(37, 'Boeing 777F', 'Boeing', 550, 6),
(38, 'Embraer E170', 'Embraer', 80, 7),
(39, 'Bombardier CRJ200', 'Bombardier', 50, 8),
(40, 'Airbus A319LR', 'Airbus', 130, 9),
(41, 'Boeing 787-10', 'Boeing', 330, 10),
(42, 'Airbus A330-800neo', 'Airbus', 250, 11),
(43, 'Embraer E175-E1', 'Embraer', 90, 12),
(44, 'Bombardier CRJ900 NextGen', 'Bombardier', 95, 13),
(45, 'Airbus A220-100', 'Airbus', 110, 14),
(46, 'Boeing 737 Classic', 'Boeing', 130, 15),
(47, 'Airbus A340-200', 'Airbus', 260, 16),
(48, 'Embraer E195-E1', 'Embraer', 100, 17),
(49, 'Bombardier CS300', 'Bombardier', 135, 18),
(50, 'Airbus A321XLR', 'Airbus', 260, 19);

-- Наповнення таблиці airport
INSERT INTO airport (airport_id, name, code, location) VALUES
(1, 'John F. Kennedy International Airport', 'JFK', 'New York, USA'),
(2, 'Los Angeles International Airport', 'LAX', 'Los Angeles, USA'),
(3, 'Heathrow Airport', 'LHR', 'London, UK'),
(4, 'Paris Charles de Gaulle Airport', 'CDG', 'Paris, France'),
(5, 'Frankfurt Airport', 'FRA', 'Frankfurt, Germany'),
(6, 'Tokyo Haneda Airport', 'HND', 'Tokyo, Japan'),
(7, 'Beijing Capital International Airport', 'PEK', 'Beijing, China'),
(8, 'Dubai International Airport', 'DXB', 'Dubai, UAE'),
(9, 'Singapore Changi Airport', 'SIN', 'Singapore'),
(10, 'Sydney Kingsford Smith Airport', 'SYD', 'Sydney, Australia'),
(11, 'Toronto Pearson International Airport', 'YYZ', 'Toronto, Canada'),
(12, 'Mexico City International Airport', 'MEX', 'Mexico City, Mexico'),
(13, 'Rio de Janeiro/Galeão–Antonio Carlos Jobim International Airport', 'GIG', 'Rio de Janeiro, Brazil'),
(14, 'Cape Town International Airport', 'CPT', 'Cape Town, South Africa'),
(15, 'Dublin Airport', 'DUB', 'Dublin, Ireland'),
(16, 'Zurich Airport', 'ZRH', 'Zurich, Switzerland'),
(17, 'Hong Kong International Airport', 'HKG', 'Hong Kong'),
(18, 'Istanbul Airport', 'IST', 'Istanbul, Turkey'),
(19, 'Munich Airport', 'MUC', 'Munich, Germany'),
(20, 'Amsterdam Airport Schiphol', 'AMS', 'Amsterdam, Netherlands'),
(21, 'Sydney Airport', 'SYD', 'Sydney, Australia'),
(22, 'San Francisco International Airport', 'SFO', 'San Francisco, USA'),
(23, 'Incheon International Airport', 'ICN', 'Incheon, South Korea'),
(24, 'Suvarnabhumi Airport', 'BKK', 'Bangkok, Thailand'),
(25, 'Barcelona–El Prat Airport', 'BCN', 'Barcelona, Spain'),
(26, 'Rome Leonardo da Vinci–Fiumicino Airport', 'FCO', 'Rome, Italy'),
(27, 'Shanghai Pudong International Airport', 'PVG', 'Shanghai, China'),
(28, 'Manchester Airport', 'MAN', 'Manchester, UK'),
(29, 'Hartsfield–Jackson Atlanta International Airport', 'ATL', 'Atlanta, USA'),
(30, 'Denver International Airport', 'DEN', 'Denver, USA');

-- Наповнення таблиці flight
INSERT INTO flight (flight_id, flight_number, departure_date, departure_time, arrival_date, arrival_time, aircraft_id, dep_airport_id, arr_airport_id) VALUES
(1, 1234, '2024-06-01', '08:00:00', '2024-06-01', '10:30:00', 1, 1, 2),
(2, 5678, '2024-06-02', '14:00:00', '2024-06-02', '17:30:00', 3, 2, 3),
(3, 91011, '2024-06-03', '09:30:00', '2024-06-03', '12:45:00', 4, 3, 1),
(4, 121314, '2024-06-04', '11:15:00', '2024-06-04', '14:45:00', 5, 4, 5),
(5, 151617, '2024-06-05', '16:45:00', '2024-06-05', '19:30:00', 6, 5, 6),
(6, 181920, '2024-06-06', '10:00:00', '2024-06-06', '13:15:00', 7, 6, 7),
(7, 212223, '2024-06-07', '12:30:00', '2024-06-07', '15:45:00', 8, 7, 8),
(8, 242526, '2024-06-08', '09:00:00', '2024-06-08', '12:30:00', 9, 8, 9),
(9, 272829, '2024-06-09', '17:00:00', '2024-06-09', '20:15:00', 10, 9, 10),
(10, 303132, '2024-06-10', '15:45:00', '2024-06-10', '18:30:00', 11, 10, 11),
(11, 333435, '2024-06-11', '13:20:00', '2024-06-11', '16:45:00', 12, 11, 12),
(12, 363738, '2024-06-12', '08:30:00', '2024-06-12', '11:45:00', 13, 12, 13),
(13, 394041, '2024-06-13', '10:45:00', '2024-06-13', '13:30:00', 14, 13, 14),
(14, 424344, '2024-06-14', '14:15:00', '2024-06-14', '17:00:00', 15, 14, 15),
(15, 454647, '2024-06-15', '16:30:00', '2024-06-15', '19:45:00', 16, 15, 16),
(16, 484950, '2024-06-16', '11:00:00', '2024-06-16', '14:15:00', 17, 16, 17),
(17, 515253, '2024-06-17', '13:45:00', '2024-06-17', '17:00:00', 18, 17, 18),
(18, 545556, '2024-06-18', '18:20:00', '2024-06-18', '21:35:00', 19, 18, 19),
(19, 575859, '2024-06-19', '10:30:00', '2024-06-19', '13:45:00', 20, 19, 20),
(20, 606162, '2024-06-20', '12:15:00', '2024-06-20', '15:30:00', 21, 20, 21),
(21, 636465, '2024-06-21', '16:00:00', '2024-06-21', '19:15:00', 22, 21, 22),
(22, 666768, '2024-06-22', '08:45:00', '2024-06-22', '11:30:00', 23, 22, 23),
(23, 697071, '2024-06-23', '14:30:00', '2024-06-23', '17:45:00', 24, 23, 24),
(24, 727374, '2024-06-24', '17:20:00', '2024-06-24', '20:35:00', 25, 24, 25),
(25, 757677, '2024-06-25', '09:15:00', '2024-06-25', '12:30:00', 26, 25, 26);

-- Наповнення таблиці passenger
INSERT INTO passenger (passenger_id, first_name, last_name, passport_number, contact_info) VALUES
(1, 'John', 'Doe', 'AB123456', 'john.doe@example.com'),
(2, 'Jane', 'Smith', 'CD789012', 'jane.smith@example.com'),
(3, 'Michael', 'Johnson', 'EF345678', 'michael.johnson@example.com'),
(4, 'Emily', 'Brown', 'GH901234', 'emily.brown@example.com'),
(5, 'James', 'Wilson', 'IJ567890', 'james.wilson@example.com'),
(6, 'Emma', 'Martinez', 'KL123456', 'emma.martinez@example.com'),
(7, 'William', 'Taylor', 'MN789012', 'william.taylor@example.com'),
(8, 'Olivia', 'Anderson', 'OP345678', 'olivia.anderson@example.com'),
(9, 'Daniel', 'Thomas', 'QR901234', 'daniel.thomas@example.com'),
(10, 'Sophia', 'Hernandez', 'ST567890', 'sophia.hernandez@example.com'),
(11, 'Alexander', 'Garcia', 'UV123456', 'alexander.garcia@example.com'),
(12, 'Isabella', 'Jones', 'WX789012', 'isabella.jones@example.com'),
(13, 'Ethan', 'Brown', 'YZ345678', 'ethan.brown@example.com'),
(14, 'Mia', 'Wilson', 'AB901234', 'mia.wilson@example.com'),
(15, 'Matthew', 'Martinez', 'CD567890', 'matthew.martinez@example.com'),
(16, 'Charlotte', 'Taylor', 'EF123456', 'charlotte.taylor@example.com'),
(17, 'Aiden', 'Anderson', 'GH789012', 'aiden.anderson@example.com'),
(18, 'Amelia', 'Thomas', 'IJ345678', 'amelia.thomas@example.com'),
(19, 'Henry', 'Hernandez', 'KL901234', 'henry.hernandez@example.com'),
(20, 'Ella', 'Garcia', 'MN567890', 'ella.garcia@example.com'),
(21, 'Jackson', 'Jones', 'OP123456', 'jackson.jones@example.com'),
(22, 'Avery', 'Brown', 'QR789012', 'avery.brown@example.com'),
(23, 'Scarlett', 'Wilson', 'ST345678', 'scarlett.wilson@example.com'),
(24, 'Liam', 'Martinez', 'UV901234', 'liam.martinez@example.com'),
(25, 'Abigail', 'Taylor', 'WX567890', 'abigail.taylor@example.com'),
(26, 'Lucas', 'Anderson', 'YZ123456', 'lucas.anderson@example.com'),
(27, 'Madison', 'Thomas', 'AB789012', 'madison.thomas@example.com'),
(28, 'Benjamin', 'Hernandez', 'CD345678', 'benjamin.hernandez@example.com'),
(29, 'Chloe', 'Garcia', 'EF901234', 'chloe.garcia@example.com'),
(30, 'Evelyn', 'Jones', 'GH567890', 'evelyn.jones@example.com'),
(31, 'Ryan', 'Brown', 'IJ123456', 'ryan.brown@example.com'),
(32, 'Zoey', 'Wilson', 'KL789012', 'zoey.wilson@example.com'),
(33, 'Samuel', 'Martinez', 'MN345678', 'samuel.martinez@example.com'),
(34, 'Grace', 'Taylor', 'OP901234', 'grace.taylor@example.com'),
(35, 'David', 'Anderson', 'QR567890', 'david.anderson@example.com'),
(36, 'Nora', 'Thomas', 'ST123456', 'nora.thomas@example.com'),
(37, 'Joseph', 'Hernandez', 'UV789012', 'joseph.hernandez@example.com'),
(38, 'Aubrey', 'Garcia', 'WX345678', 'aubrey.garcia@example.com'),
(39, 'Lily', 'Jones', 'YZ901234', 'lily.jones@example.com'),
(40, 'Carter', 'Brown', 'AB567890', 'carter.brown@example.com'),
(41, 'Hannah', 'Wilson', 'CD123456', 'hannah.wilson@example.com'),
(42, 'Wyatt', 'Martinez', 'EF789012', 'wyatt.martinez@example.com'),
(43, 'Elizabeth', 'Taylor', 'GH345678', 'elizabeth.taylor@example.com'),
(44, 'John', 'Anderson', 'IJ901234', 'john.anderson@example.com'),
(45, 'Victoria', 'Thomas', 'KL567890', 'victoria.thomas@example.com'),
(46, 'Owen', 'Hernandez', 'MN123456', 'owen.hernandez@example.com'),
(47, 'Penelope', 'Garcia', 'OP789012', 'penelope.garcia@example.com'),
(48, 'Dylan', 'Jones', 'QR345678', 'dylan.jones@example.com'),
(49, 'Addison', 'Brown', 'ST901234', 'addison.brown@example.com'),
(50, 'Gabriel', 'Wilson', 'UV567890', 'gabriel.wilson@example.com'),
(51, 'Samantha', 'Martinez', 'WX123456', 'samantha.martinez@example.com'),
(52, 'Luke', 'Taylor', 'YZ789012', 'luke.taylor@example.com'),
(53, 'Anthony', 'Anderson', 'AB345678', 'anthony.anderson@example.com'),
(54, 'Eleanor', 'Thomas', 'CD901234', 'eleanor.thomas@example.com'),
(55, 'Levi', 'Hernandez', 'EF567890', 'levi.hernandez@example.com'),
(56, 'Brooklyn', 'Garcia', 'GH123456', 'brooklyn.garcia@example.com'),
(57, 'Isaac', 'Jones', 'IJ789012', 'isaac.jones@example.com'),
(58, 'Claire', 'Brown', 'KL345678', 'claire.brown@example.com'),
(59, 'Nathan', 'Wilson', 'MN901234', 'nathan.wilson@example.com'),
(60, 'Audrey', 'Martinez', 'OP567890', 'audrey.martinez@example.com'),
(61, 'Christian', 'Taylor', 'QR123456', 'christian.taylor@example.com'),
(62, 'Hazel', 'Anderson', 'ST789012', 'hazel.anderson@example.com'),
(63, 'Christopher', 'Thomas', 'UV345678', 'christopher.thomas@example.com'),
(64, 'Caroline', 'Hernandez', 'WX901234', 'caroline.hernandez@example.com'),
(65, 'Jonathan', 'Garcia', 'YZ567890', 'jonathan.garcia@example.com'),
(66, 'Sofia', 'Jones', 'AB123456', 'sofia.jones@example.com'),
(67, 'Andrew', 'Brown', 'CD789012', 'andrew.brown@example.com'),
(68, 'Madeline', 'Wilson', 'EF345678', 'madeline.wilson@example.com'),
(69, 'Julian', 'Martinez', 'GH901234', 'julian.martinez@example.com'),
(70, 'Aria', 'Taylor', 'IJ567890', 'aria.taylor@example.com'),
(71, 'Jack', 'Anderson', 'KL123456', 'jack.anderson@example.com'),
(72, 'Alyssa', 'Thomas', 'MN789012', 'alyssa.thomas@example.com'),
(73, 'Nicholas', 'Hernandez', 'OP345678', 'nicholas.hernandez@example.com'),
(74, 'Layla', 'Garcia', 'QR901234', 'layla.garcia@example.com'),
(75, 'Lincoln', 'Jones', 'ST567890', 'lincoln.jones@example.com'),
(76, 'Maya', 'Brown', 'UV123456', 'maya.brown@example.com'),
(77, 'Isaiah', 'Wilson', 'WX789012', 'isaiah.wilson@example.com'),
(78, 'Eva', 'Martinez', 'YZ345678', 'eva.martinez@example.com'),
(79, 'Grayson', 'Taylor', 'AB901234', 'grayson.taylor@example.com'),
(80, 'Taylor', 'Anderson', 'CD567890', 'taylor.anderson@example.com'),
(81, 'Aurora', 'Thomas', 'EF123456', 'aurora.thomas@example.com'),
(82, 'Zoe', 'Hernandez', 'GH789012', 'zoe.hernandez@example.com'),
(83, 'Cooper', 'Garcia', 'IJ345678', 'cooper.garcia@example.com'),
(84, 'Gianna', 'Jones', 'KL901234', 'gianna.jones@example.com'),
(85, 'Jordan', 'Brown', 'MN567890', 'jordan.brown@example.com'),
(86, 'Stella', 'Wilson', 'OP123456', 'stella.wilson@example.com'),
(87, 'Adam', 'Martinez', 'QR789012', 'adam.martinez@example.com'),
(88, 'Lillian', 'Taylor', 'ST345678', 'lillian.taylor@example.com'),
(89, 'Jaxon', 'Anderson', 'UV901234', 'jaxon.anderson@example.com'),
(90, 'Violet', 'Thomas', 'WX567890', 'violet.thomas@example.com'),
(91, 'Leah', 'Hernandez', 'YZ123456', 'leah.hernandez@example.com'),
(92, 'Chase', 'Garcia', 'AB789012', 'chase.garcia@example.com'),
(93, 'Daniel', 'Jones', 'CD345678', 'daniel.jones@example.com'),
(94, 'Luna', 'Brown', 'EF901234', 'luna.brown@example.com'),
(95, 'Theodore', 'Wilson', 'GH567890', 'theodore.wilson@example.com'),
(96, 'Lucy', 'Martinez', 'IJ123456', 'lucy.martinez@example.com'),
(97, 'Hunter', 'Taylor', 'KL789012', 'hunter.taylor@example.com'),
(98, 'Adeline', 'Anderson', 'MN345678', 'adeline.anderson@example.com'),
(99, 'Mateo', 'Thomas', 'OP901234', 'mateo.thomas@example.com'),
(100, 'Hannah', 'Hernandez', 'QR567890', 'hannah.hernandez@example.com');

-- Наповнення таблиці booking
INSERT INTO booking (booking_id, booking_date, passenger_id, flight_id, seat) VALUES
(1, '2024-06-01', 1, 1, 'A1'),
(2, '2024-06-02', 2, 2, 'B2'),
(3, '2024-06-03', 3, 3, 'C3'),
(4, '2024-06-04', 4, 4, 'D4'),
(5, '2024-06-05', 5, 5, 'E5'),
(6, '2024-06-06', 6, 6, 'F6'),
(7, '2024-06-07', 7, 7, 'A2'),
(8, '2024-06-08', 8, 8, 'B3'),
(9, '2024-06-09', 9, 9, 'C4'),
(10, '2024-06-10', 10, 10, 'D5'),
(11, '2024-06-11', 11, 11, 'E6'),
(12, '2024-06-12', 12, 12, 'F1'),
(13, '2024-06-13', 13, 13, 'A3'),
(14, '2024-06-14', 14, 14, 'B4'),
(15, '2024-06-15', 15, 15, 'C5'),
(16, '2024-06-16', 16, 16, 'D6'),
(17, '2024-06-17', 17, 17, 'E1'),
(18, '2024-06-18', 18, 18, 'F2'),
(19, '2024-06-19', 19, 19, 'A4'),
(20, '2024-06-20', 20, 20, 'B5'),
(21, '2024-06-21', 21, 21, 'C6'),
(22, '2024-06-22', 22, 22, 'D1'),
(23, '2024-06-23', 23, 23, 'E2'),
(24, '2024-06-24', 24, 24, 'F3'),
(25, '2024-06-25', 25, 25, 'A5'),
(26, '2024-06-26', 26, 26, 'B1'),
(27, '2024-06-27', 27, 27, 'C2'),
(28, '2024-06-28', 28, 28, 'D3'),
(29, '2024-06-29', 29, 29, 'E4'),
(30, '2024-06-30', 30, 30, 'F5'),
(31, '2024-07-01', 31, 31, 'A1'),
(32, '2024-07-02', 32, 32, 'B2'),
(33, '2024-07-03', 33, 33, 'C3'),
(34, '2024-07-04', 34, 34, 'D4'),
(35, '2024-07-05', 35, 35, 'E5'),
(36, '2024-07-06', 36, 36, 'F6'),
(37, '2024-07-07', 37, 37, 'A2'),
(38, '2024-07-08', 38, 38, 'B3'),
(39, '2024-07-09', 39, 39, 'C4'),
(40, '2024-07-10', 40, 40, 'D5'),
(41, '2024-07-11', 41, 41, 'E6'),
(42, '2024-07-12', 42, 42, 'F1'),
(43, '2024-07-13', 43, 43, 'A3'),
(44, '2024-07-14', 44, 44, 'B4'),
(45, '2024-07-15', 45, 45, 'C5'),
(46, '2024-07-16', 46, 46, 'D6'),
(47, '2024-07-17', 47, 47, 'E1'),
(48, '2024-07-18', 48, 48, 'F2'),
(49, '2024-07-19', 49, 49, 'A4'),
(50, '2024-07-20', 50, 50, 'B5'),
(51, '2024-07-21', 51, 51, 'C6'),
(52, '2024-07-22', 52, 52, 'D1'),
(53, '2024-07-23', 53, 53, 'E2'),
(54, '2024-07-24', 54, 54, 'F3'),
(55, '2024-07-25', 55, 55, 'A5'),
(56, '2024-07-26', 56, 56, 'B1'),
(57, '2024-07-27', 57, 57, 'C2'),
(58, '2024-07-28', 58, 58, 'D3'),
(59, '2024-07-29', 59, 59, 'E4'),
(60, '2024-07-30', 60, 60, 'F5'),
(61, '2024-08-01', 61, 61, 'A1'),
(62, '2024-08-02', 62, 62, 'B2'),
(63, '2024-08-03', 63, 63, 'C3'),
(64, '2024-08-04', 64, 64, 'D4'),
(65, '2024-08-05', 65, 65, 'E5');